item_num,vis_file,question,llava_correct_1,llava_correct_2,llava_correct_3,llava_correct_4,llava_correct_5,llava_correct_6,llava_correct_7,llava_correct_8,llava_correct_9,llava_correct_10,llava_predicted_1,llava_predicted_2,llava_predicted_3,llava_predicted_4,llava_predicted_5,llava_predicted_6,llava_predicted_7,llava_predicted_8,llava_predicted_9,llava_predicted_10,llava_score_1,llava_score_2,llava_score_3,llava_score_4,llava_score_5,llava_score_6,llava_score_7,llava_score_8,llava_score_9,llava_score_10,llava_rationale_1,llava_rationale_2,llava_rationale_3,llava_rationale_4,llava_rationale_5,llava_rationale_6,llava_rationale_7,llava_rationale_8,llava_rationale_9,llava_rationale_10
1,vis01.png,What is the elevation of waypoint D?,A,C,B,C,A,D,B,D,B,C,A,C,B,C,A,D,B,D,B,C,1,1,1,1,1,1,1,1,1,1,"The contour line closest to waypoint D is labeled 6800 ft. Since the contour interval is 40 feet, the elevation of waypoint D is 6800 ft + 63 ft = 6863 ft.","The contour lines around waypoint D are labeled with the elevation 6800 ft. Since the contour interval is 40 feet, the elevation of waypoint D is 6800 ft + 63 ft, which equals 6863 ft.","The contour lines around waypoint D are labeled with the elevation 6800 ft. Since the contour interval is 40 feet, the next higher contour line would be at 6840 ft, and the next would be at 6880 ft. Waypoint D is between the 6840 ft and 6880 ft lines, so the elevation is 6863 ft.","The contour lines around waypoint D are labeled with the elevation 6800 ft. Since the contour interval is 40 feet, the elevation of waypoint D is 6800 ft + 63 ft, which equals 6863 ft.","The contour line closest to waypoint D is labeled 6800 ft. Since the contour interval is 40 feet, the elevation of waypoint D is 6800 ft + 63 ft = 6863 ft.","The contour lines around waypoint D are labeled with the elevation 6800 ft. Since the contour interval is 40 feet, the elevation of waypoint D is 6800 ft + 63 ft, which equals 6863 ft.","The contour lines around waypoint D are labeled with the elevation 6800 ft. Since the contour interval is 40 feet, the next contour line above would be at 6840 ft, and the one below would be at 6760 ft. Waypoint D is located between the 6800 ft and 6840 ft lines, closer to the 6840 ft line, making the elevation approximately 6863 ft.","The contour line closest to waypoint D is labeled 6800 ft. Since the contour interval is 40 feet, the elevation of waypoint D is 6800 ft + 63 ft = 6863 ft.","The contour lines around waypoint D are labeled with the elevation 6800 ft. Since the contour interval is 40 feet, the next higher contour line would be at 6840 ft, and the one after that at 6880 ft. Waypoint D is located between the 6800 ft and 6880 ft lines, closer to the 6880 ft line, making 6863 ft the most likely elevation.","The contour lines around waypoint D are labeled with the elevation 6800 ft. Since the contour interval is 40 feet, the next higher contour line would be at 6840 ft, and the one after that at 6880 ft. Waypoint D is between the 6840 ft and 6880 ft lines, closer to the 6840 ft line, so the elevation is approximately 6863 ft."
2,vis01.png,Which waypoint has the highest elevation?,A,C,B,C,A,D,B,D,B,C,B,B,D,B,C,C,D,A,C,A,0,0,0,0,0,0,0,0,0,0,"Waypoint A is marked with the highest elevation contour line, which is 7400 feet.","Waypoint A is marked with the highest elevation contour line, which is 7400 feet.","Waypoint D is marked with the highest elevation contour line, which is 6800 feet.","Waypoint A is marked with the highest elevation contour line, which is 7400 feet.","Waypoint D is marked with the highest elevation contour line, which is 7400 feet.","Waypoint D is marked with the highest contour line value of 7400 feet, indicating it has the highest elevation among the waypoints.","Waypoint D is marked with the highest elevation contour line, which is 6800 feet.","Waypoint D is marked with the highest contour line value of 7000 feet, indicating it has the highest elevation among the waypoints.","Waypoint C is marked with the highest elevation contour line, which is 7400 feet.","Waypoint A is located at the highest contour line labeled 7400 feet, indicating it has the highest elevation among the waypoints."
3,vis01.png,By approximately how many feet does the elevation of waypoint A exceed that of waypoint D?,C,D,A,D,D,B,C,B,D,B,B,B,A,B,B,A,B,B,A,B,0,0,1,0,0,0,0,1,0,1,"Waypoint A is at an elevation of 7200 feet, and waypoint D is at 6800 feet. The difference in elevation is 400 feet, which is closest to option B, 275 ft.","Waypoint A is at an elevation of 7200 feet, and waypoint D is at 6800 feet. The difference in elevation is 400 feet, which is closest to option B, 275 ft.","Waypoint A is at an elevation of 7200 feet, and waypoint D is at 6800 feet. The difference in elevation is 400 feet, which is closest to option A, 350 ft.","Waypoint A is at an elevation of 7200 feet, and waypoint D is at 6800 feet. The difference in elevation is 400 feet, which is closest to option B, 275 ft.","Waypoint A is at an elevation of 7200 feet, and waypoint D is at 6800 feet. The difference in elevation is 400 feet, which is closest to option B, 275 ft.","Waypoint A is at an elevation of 7200 feet, and waypoint D is at 6800 feet. The difference in elevation is 400 feet, which is closest to option A, 275 ft.","Waypoint A is at an elevation of 7200 feet, and waypoint D is at 6800 feet. The difference in elevation is 400 feet. However, considering the contour interval of 40 feet, the actual difference could be slightly more, around 425 feet.","Waypoint A is at an elevation of 7200 feet, and waypoint D is at 6800 feet. The difference in elevation is 400 feet, which is closest to option B, 350 ft.","Waypoint A is at an elevation of 7200 feet, and waypoint D is at 6800 feet. The difference in elevation is 400 feet, which is closest to option A, 275 ft.","Waypoint A is at an elevation of 7200 feet, and waypoint D is at 6800 feet. The difference in elevation is 400 feet, which is closest to option B, 350 ft."
4,vis01.png,"Moving from waypoint C to waypoint A along a straight line, the elevation ______ .",D,A,C,A,C,C,A,A,C,D,C,D,D,D,D,B,C,B,D,B,0,0,0,0,0,0,0,0,0,0,The contour lines indicate that the elevation decreases as you move from waypoint C to waypoint A.,The contour lines indicate that the elevation decreases as you move from waypoint C to waypoint A.,The contour lines indicate that the elevation increases as you move from waypoint C to waypoint A.,The contour lines indicate that the elevation decreases as you move from waypoint C to waypoint A.,The contour lines indicate that the elevation decreases as you move from waypoint C to waypoint A.,The contour lines indicate that the elevation decreases as you move from waypoint C to waypoint A.,The contour lines indicate that the elevation decreases as you move from waypoint C to waypoint A.,The contour lines indicate that the elevation decreases as you move from waypoint C to waypoint A.,The contour lines indicate that the elevation decreases as you move from waypoint C to waypoint A.,The contour lines indicate that the elevation decreases as you move from waypoint C to waypoint A.
5,vis01.png,"Moving from waypoint C to waypoint B along a straight line, the slope is _______ .",B,B,D,B,B,A,D,C,A,A,B,C,D,C,B,A,D,C,B,A,1,0,1,0,1,1,1,1,0,1,"The contour lines are closer together near waypoint C, indicating a steeper slope. As the lines spread out towards waypoint B, the slope becomes gentler.","The contour lines between waypoints C and B are spaced further apart as you move from C to B, indicating a decrease in slope steepness.","The contour lines are closer together near waypoint C, indicating a steeper slope, and they become more spaced out as they approach waypoint B, indicating a gentler slope.","The contour lines between waypoints C and B are spaced further apart as you move from C to B, indicating a decrease in slope steepness.","The contour lines are closer together between C and B, indicating a steeper slope, and then they spread out, indicating a gentler slope.","The contour lines are closer together near waypoint C, indicating a steeper slope. As the lines spread out towards waypoint B, the slope becomes gentler.","The contour lines are closer together near waypoint C, indicating a steeper slope, and they become more spaced out as they approach waypoint B, indicating a gentler slope.","The contour lines are closer together near waypoint C, indicating a steeper slope, and they become more spaced out as you move towards waypoint B, indicating a gentler slope.","The contour lines between waypoints C and B are evenly spaced, indicating a consistent slope. The elevation decreases from C to B, suggesting the slope is getting gentler.","The contour lines are closer together near waypoint C, indicating a steeper slope. As the lines spread out towards waypoint B, the slope becomes gentler."
6,vis02.png,"From 7 AM Wed to 7 AM Sun, sustained winds do not exceed 110 mph anywhere along the forecast track.",B,A,A,A,A,B,A,B,A,B,A,A,A,A,A,A,A,A,A,A,0,1,1,1,1,0,1,0,1,0,The forecast track shows that the storm is expected to be a tropical cyclone with sustained winds of 39-73 mph and a post/potential tropical cyclone with sustained winds of 74-110 mph. There is no indication of the storm reaching hurricane strength (sustained winds of 110 mph or higher) along the entire forecast track from 7 AM Wed to 7 AM Sun.,"The forecast track shows that at 7 AM Wed, the sustained winds are marked as H, which indicates 74-110 mph winds. This exceeds 110 mph, making the statement false.","The forecast track shows that at 7 AM Wed, the sustained winds are marked as H, which indicates 74-110 mph winds. This exceeds 110 mph, making the statement false.","The forecast track shows that at 7 AM Wed, the sustained winds are marked as H, which indicates 74-110 mph winds. This exceeds 110 mph, making the statement false.","The forecast track shows that at 7 AM Wed, the sustained winds are marked as H, which indicates 74-110 mph winds. This exceeds 110 mph, making the statement false.",The forecast track shows that the storm is expected to be a tropical cyclone with sustained winds of 39-73 mph and a post/potential tropical cyclone with sustained winds of 74-110 mph. There is no indication of the storm reaching hurricane strength (sustained winds of 110 mph or higher) along the entire forecast track from 7 AM Wed to 7 AM Sun.,"The forecast track shows that at 7 AM Wed, the sustained winds are marked as H, which indicates 74-110 mph winds. This exceeds 110 mph, making the statement false.",The forecast track shows that the storm is expected to be a tropical cyclone with sustained winds of 39-73 mph and a post/potential tropical cyclone with sustained winds of 74-110 mph. There is no indication of the storm reaching hurricane strength (sustained winds of 110 mph or higher) along the entire forecast track from 7 AM Wed to 7 AM Sun.,"The forecast track shows that at 7 AM Wed, the sustained winds are marked as H, which indicates 74-110 mph winds. This exceeds 110 mph, making the statement false.",The forecast track shows that the storm is expected to be a tropical cyclone with sustained winds of 39-73 mph and a post/potential tropical cyclone with sustained winds of 74-110 mph. There is no indication of the storm reaching hurricane strength (sustained winds of 110 mph or higher) along the entire forecast track from 7 AM Wed to 7 AM Sun.
7,vis02.png,"From 10 AM Tue to 7 PM Wed, in which direction does the hurricane primarily move?",C,D,A,D,D,B,C,B,D,B,C,D,A,D,D,B,C,B,D,B,1,1,1,1,1,1,1,1,1,1,The forecast track shows the hurricane moving from the southeast towards the northwest direction from 10 AM Tue to 7 PM Wed.,The forecast track shows the hurricane moving from the southeast towards the northwest direction from 10 AM Tue to 7 PM Wed.,The name of the hurricane is clearly labeled as 'Hurricane Laura' in the image.,The forecast track shows the hurricane moving from the southeast towards the northwest direction from 10 AM Tue to 7 PM Wed.,The forecast track shows the hurricane moving from the southeast towards the northwest direction from 10 AM Tue to 7 PM Wed.,The forecast track shows the hurricane moving from the southeast towards the northwest direction from 10 AM Tue to 7 PM Wed.,"The forecast track shows the hurricane moving from a position near the Bahamas towards the northwest direction, passing through the Gulf of Mexico and making landfall in Louisiana.",The forecast track shows the hurricane moving from the southeast towards the northwest direction from 10 AM Tue to 7 PM Wed.,The forecast track shows the hurricane moving from the southeast towards the northwest direction from 10 AM Tue to 7 PM Wed.,The forecast track shows the hurricane moving from the southeast towards the northwest direction from 10 AM Tue to 7 PM Wed.
8,vis02.png,The hurricane is expected to reach the coast between ___.,C,D,A,D,D,B,C,B,D,B,C,C,B,C,D,D,A,D,B,B,1,0,0,0,1,0,0,0,0,1,"The forecast track shows the hurricane's path moving from the Gulf of Mexico towards the coast. The closest time markers to the coast are 7 PM Wed and 7 AM Thu, indicating the expected arrival time.",The forecast track shows the hurricane's path reaching the coast between 7 AM Thu and 7 PM Thu.,The forecast track shows the hurricane's path reaching the coast between 7 AM Thu and 7 PM Thu.,The forecast track shows the hurricane's path reaching the coast between 7 AM Thu and 7 PM Thu.,"The forecast track shows the hurricane's path moving from the Gulf of Mexico towards the coast. The closest time markers to the coast are 7 PM Wed and 7 AM Thu, indicating the expected arrival time.",The forecast track shows the hurricane's path reaching the coast between 7 AM Thu and 7 PM Thu.,The forecast track indicates that Hurricane Laura is expected to reach its peak intensity with sustained winds of 74-110 mph.,The forecast track shows the hurricane's path reaching the coast between 7 AM Thu and 7 PM Thu.,The forecast track shows the hurricane's path reaching the coast between 7 AM Thu and 7 PM Thu.,The forecast track shows the hurricane's path reaching the coast between 7 PM on Wednesday and 7 AM on Thursday.
9,vis02.png,"From 10 AM Tue to 7 AM Fri, the hurricane's sustained wind speed _____.",D,A,C,A,C,C,A,A,C,D,B,B,D,B,B,A,D,C,A,A,0,0,0,0,0,0,0,0,0,0,The forecast track shows the hurricane moving from a lower wind speed category (D < 39 mph) to a higher category (H 74-110 mph) by 7 AM Fri.,The forecast track shows the hurricane moving from a lower wind speed category (D < 39 mph) to a higher category (H 74-110 mph) by 7 AM Fri.,The forecast track shows the hurricane moving from a lower wind speed category (D < 39 mph) to a higher category (H 74-110 mph) by 7 AM Fri.,The forecast track shows the hurricane moving from a lower wind speed category (D < 39 mph) to a higher category (H 74-110 mph) by 7 AM Fri.,The forecast track shows the hurricane moving from a lower wind speed category (D < 39 mph) to a higher category (H 74-110 mph) by 7 AM Fri.,The forecast track shows the hurricane moving from a lower wind speed category (D < 39 mph) to a higher category (H 74-110 mph) by 7 AM Fri.,The forecast track shows the hurricane moving from a lower wind speed category (D < 39 mph) to a higher category (H 74-110 mph) by 7 AM Fri.,The forecast track shows the hurricane moving from a lower wind speed category (D < 39 mph) to a higher category (H 74-110 mph) by 7 AM Fri.,The forecast track shows the hurricane moving from a lower wind speed category (D < 39 mph) to a higher category (H 74-110 mph) by 7 AM Fri.,The forecast track shows the hurricane moving from a lower wind speed category (D < 39 mph) to a higher category (H 74-110 mph) by 7 AM Fri.
10,vis03.png,"During the past week, the sea surface temperatures in the Pacific Ocean between 0-20N and 140-160E mostly ____ .",A,C,B,C,A,D,B,D,B,C,D,D,C,D,C,C,A,A,C,D,0,0,0,0,0,0,0,0,0,0,"The color in the Pacific Ocean between 0-20N and 140-160E is yellow, which corresponds to a temperature increase of 1.25 degC per week on the provided color scale.","The color in the Pacific Ocean between 0-20N and 140-160E is red, which corresponds to a decrease in temperature. The color scale indicates a decrease of 1.25 degC per week.","The color in the Pacific Ocean between 0-20N and 140-160E is yellow, which corresponds to an increase of 1.25 degC per week according to the color scale.","The color in the Pacific Ocean between 0-20N and 140-160E is red, which corresponds to a decrease in temperature. The color scale indicates a decrease of 1.25 degC per week.","The color in the Pacific Ocean between 0-20N and 140-160E is yellow, which corresponds to an increase of 1.25 degC per week on the color scale.","The color in the Pacific Ocean between 0-20N and 140-160E is yellow, which corresponds to a temperature increase of 1.25 degC per week on the provided color scale.","The color in the Pacific Ocean between 0-20N and 140-160E is yellow, which corresponds to an increase of 1.25 degC per week according to the color scale.","The color in the Pacific Ocean between 0-20N and 140-160E is red, which corresponds to an increase in temperature. The color scale indicates that red represents an increase of 1.25 degC per week.","The color in the Pacific Ocean between 0-20N and 140-160E is yellow, which corresponds to an increase of 1.25 degC per week according to the color scale.","The color in the Pacific Ocean between 0-20N and 140-160E is yellow, which corresponds to a temperature increase of 1.25 degC per week on the provided color scale."
11,vis03_01.png,Which ocean region has cooled the most over the past week?,B,B,D,B,B,A,D,C,A,A,B,B,D,B,B,A,D,C,A,A,1,1,1,1,1,1,1,1,1,1,"Region A is the only area with a significant cooling trend, as indicated by the deep blue color, which represents a temperature decrease of more than 2.0 degC per week.","Region A is the only area on the map that shows a significant cooling trend, indicated by the deep blue color, which represents a temperature decrease of more than 2.0 degC per week.","Region A is the only area on the map that shows a significant cooling trend, indicated by the deep blue color, which represents a temperature decrease of more than 2.0 degC per week.","Region A is the only area on the map that shows a significant cooling trend, indicated by the deep blue color, which represents a temperature decrease of more than 2.0 degC per week.","Region A is the only area on the map that shows a significant cooling trend, indicated by the deep blue color, which represents a temperature decrease of more than 2.0 degC per week.","Region A is the only area on the map that shows a significant cooling trend, indicated by the deep blue color, which represents a temperature decrease of more than 2.0 degC per week.","Region D is the only area on the map that shows a significant cooling trend, indicated by the deep blue color, which represents a temperature decrease of more than 2.0 degC per week.","Region A is the only area on the map that shows a significant cooling trend, indicated by the deep blue color, which represents a temperature decrease of more than 2.0 degC per week.","Region A is the only area on the map that shows a significant cooling trend, indicated by the deep blue color, which represents a temperature decrease of more than 2.0 degC per week.","Region A is the only area on the map that shows a significant cooling trend, indicated by the deep blue color, which represents a temperature decrease of more than 2.0 degC per week."
12,vis03.png,At least one region of the Atlantic Ocean experiences strong warming (greater than 2 degC per week).,A,B,B,B,B,A,B,A,B,A,A,B,B,B,B,A,B,A,B,A,1,1,1,1,1,1,1,1,1,1,"The visualization shows regions of the Atlantic Ocean with colors indicating temperature changes. The presence of red and orange hues, which correspond to temperature increases greater than 2degC per week, suggests that at least one region of the Atlantic Ocean is experiencing strong warming.","The visualization shows regions of the Atlantic Ocean with colors indicating temperature changes. The presence of red and orange hues, which correspond to temperature increases greater than 2degC per week, suggests that at least one region of the Atlantic Ocean is experiencing strong warming.","The visualization shows regions of the Atlantic Ocean with colors indicating temperature changes. The presence of red and orange hues, which correspond to temperature increases greater than 2degC per week, suggests that at least one region of the Atlantic Ocean is experiencing strong warming.","The visualization shows regions of the Atlantic Ocean with colors indicating temperature changes. The presence of red and orange hues, which correspond to temperature increases greater than 2degC per week, suggests that at least one region of the Atlantic Ocean is experiencing strong warming.","The visualization shows regions of the Atlantic Ocean with colors indicating temperature changes. The presence of red and orange hues, which correspond to temperature increases greater than 2degC per week, suggests that at least one region of the Atlantic Ocean is experiencing strong warming.","The visualization shows regions of the Atlantic Ocean with colors indicating temperature changes. The presence of red and orange hues, which correspond to temperature increases greater than 2degC per week, suggests that at least one region of the Atlantic Ocean is experiencing strong warming.","The visualization shows regions of the Atlantic Ocean with colors indicating temperature changes. The presence of red and orange hues, which correspond to temperature increases greater than 2degC per week, suggests that at least one region of the Atlantic Ocean is experiencing strong warming.","The visualization shows regions of the Atlantic Ocean with colors indicating temperature changes. The presence of red and orange hues, which correspond to temperature increases greater than 2degC per week, suggests that at least one region of the Atlantic Ocean is experiencing strong warming.","The visualization shows regions of the Atlantic Ocean with colors indicating temperature changes. The presence of red and orange hues, which correspond to temperature increases greater than 2degC per week, suggests that at least one region of the Atlantic Ocean is experiencing strong warming.","The visualization shows regions of the Atlantic Ocean with colors indicating temperature changes. The presence of red and orange hues, which correspond to temperature increases greater than 2degC per week, suggests that at least one region of the Atlantic Ocean is experiencing strong warming."
13,vis03.png,What are the trends in sea surface temperatures across the Pacific Ocean over the past week?,C,D,A,D,D,B,C,B,D,B,C,D,A,D,D,B,C,B,D,B,1,1,1,1,1,1,1,1,1,1,"The North Pacific shows a mix of colors, with more blues and greens indicating cooling or no change, while the South Pacific has more reds and oranges, indicating warming.","The North Pacific shows a mix of colors, with more blues and greens indicating cooling or no change, while the South Pacific has more reds and oranges, indicating warming.","The North Pacific shows a mix of colors close to 0degC/week, indicating little change or slight cooling. The South Pacific has more red and yellow areas, indicating warming.","The North Pacific shows a mix of colors, with more blues and greens indicating cooling or no change, while the South Pacific has more reds and oranges, indicating warming.","The North Pacific shows a mix of colors, with more blues and greens indicating cooling or no change, while the South Pacific has more reds and oranges, indicating warming.","The North Pacific shows a mix of colors, with more blues and greens indicating cooling or no change, while the South Pacific has more reds and oranges indicating warming.","The North Pacific shows a mix of colors close to 0degC/week, indicating little change or slight cooling. The South Pacific has more red and yellow areas, indicating warming.","The North Pacific shows a mix of colors close to the 0.0degC/week mark, indicating little to no change or slight cooling. The South Pacific, however, has a predominance of warmer colors, indicating a warming trend.","The North Pacific shows a mix of colors, with more blues and greens indicating cooling or no change, while the South Pacific has more reds and oranges, indicating warming.","The North Pacific shows a mix of colors, with more blues and greens indicating cooling or no change, while the South Pacific has more reds and oranges indicating warming."
14,vis04.mp4,Which statement most accurately describes the overall wind pattern?,C,D,A,D,D,B,C,B,D,B,C,D,A,D,A,B,C,B,D,B,1,1,1,1,0,1,1,1,1,1,"The central United States shows a wider range of wind speeds, with more variation in shades indicating different speeds, compared to the West Coast, which has more uniform shading.","The visualization shows a wider range of wind speeds in the central United States, with more variation in shades indicating different speeds, compared to the West Coast, which appears more uniform in darker shades.","The central United States shows a wider range of wind speeds, with more variation in shades indicating different speeds, compared to the West Coast, which appears more uniform in darker shades.","The visualization shows a wider range of wind speeds in the central United States, with more variation in shades indicating different speeds, compared to the West Coast, which appears more uniform in darker shades.","The visualization shows that the East Coast has a wider range of wind speeds, with some areas reaching up to 30 mph, while the central United States has a narrower range, mostly between 1 and 10 mph.","The central United States shows a wider range of wind speeds, with more variation in shades indicating different speeds, compared to the West Coast, which appears more uniform in darker shades.","The central United States shows a wider range of wind speeds, with more variation in shades indicating different speeds, compared to the West Coast, which has more uniform shading.","The central United States shows a wider range of wind speeds, with more variation in shades indicating different speeds, compared to the West Coast, which has more uniform shading.","The visualization shows a wider range of wind speeds in the central United States, with more variation in shades indicating different speeds, compared to the West Coast, which appears more uniform in darker shades.","The central United States shows a wider range of wind speeds, with more variation in shades indicating different speeds, compared to the West Coast, which appears to have more uniform wind speeds."
15,vis04.mp4,Which city has the highest wind speed?,D,A,C,A,C,C,A,A,C,D,D,A,C,A,C,C,A,A,C,D,1,1,1,1,1,1,1,1,1,1,"The map shows wind patterns with varying speeds, and New York is located in the area with the darkest shading, indicating the highest wind speed.","The map shows wind patterns with varying speeds across the United States. The darkest areas indicate the highest wind speeds. New York is located in the darkest area, indicating it has the highest wind speed.","The wind patterns are most concentrated and darkest around New York, indicating the highest wind speed.","The map shows wind patterns with varying speeds across the United States. The darkest areas indicate the highest wind speeds. New York is located in the darkest area, indicating it has the highest wind speed.","The map shows wind patterns with varying speeds across the United States. The darkest areas indicate the highest wind speeds. New York is located in the darkest area, indicating it has the highest wind speed among the options provided.","The map shows wind patterns with varying speeds. New York is located in the area with the darkest shading, indicating the highest wind speed.","The map shows wind patterns with varying speeds, and New York is located in the area with the darkest shading, indicating the highest wind speed.","The map shows wind patterns with varying speeds, and New York is located in the area with the darkest shading, indicating the highest wind speed.","The wind patterns on the map are densest and darkest around New York, indicating the highest wind speed.","The map shows wind patterns with varying speeds. New York is located in the area with the darkest shading, indicating the highest wind speed."
16,vis04.mp4,"In the region between Columbus and New York, the winds ___ .",A,C,B,C,A,D,B,D,B,C,B,C,B,C,B,D,B,D,D,C,0,1,1,1,0,1,1,1,0,1,"The lines in the region between Columbus and New York are oriented from west to east, indicating the direction of the wind flow.","The wind patterns between Columbus and New York show a spiral inward motion, indicating a low-pressure system or cyclone.","The wind patterns between Columbus and New York show a spiral inward motion, indicating a low-pressure system.","The wind patterns between Columbus and New York show a spiral inward motion, indicating a low-pressure system or cyclone.","The lines in the region between Columbus and New York are oriented from west to east, indicating the direction of the wind flow.","The wind patterns between Columbus and New York show a spiral inward motion, indicating a low-pressure system or cyclone.","The wind patterns between Columbus and New York show a spiral inward motion, indicating a low-pressure system or cyclone.","The wind patterns between Columbus and New York show a spiral inward motion, indicating a low-pressure system or cyclone.","The wind patterns in the region between Columbus and New York show a swirling motion, indicating circulation around a central point.","The wind patterns between Columbus and New York show a spiral inward motion, indicating a cyclonic circulation."
17,vis04.mp4,The winds near Chicago and Houston flow in roughly the same direction.,A,B,B,B,B,A,B,A,B,A,A,B,B,B,B,A,B,A,B,A,1,1,1,1,1,1,1,1,1,1,"The map shows wind patterns with arrows indicating the direction of the wind. In both Chicago and Houston, the arrows point in a similar direction, suggesting that the winds are flowing in roughly the same direction.","The map shows wind patterns with arrows indicating the direction of the wind. In the regions near Chicago and Houston, the arrows are aligned in a similar direction, suggesting that the winds are flowing in roughly the same direction.","The map shows wind patterns with arrows indicating the direction of the wind. In the regions near Chicago and Houston, the arrows are aligned in a similar direction, suggesting that the winds are flowing in roughly the same direction.","The map shows wind patterns with arrows indicating the direction of the wind. In the regions near Chicago and Houston, the arrows are aligned in a similar direction, suggesting that the winds are flowing in roughly the same direction.","The map shows wind patterns with arrows indicating the direction of the wind. In the regions near Chicago and Houston, the arrows are aligned in a similar direction, suggesting that the winds are flowing in roughly the same direction.","The map shows wind patterns with arrows indicating the direction of the wind. In both Chicago and Houston, the arrows point in a similar direction, suggesting that the winds are flowing in roughly the same direction.","The map shows wind patterns with arrows indicating the direction of the wind. In the regions near Chicago and Houston, the arrows are aligned in a similar direction, suggesting that the winds are flowing in roughly the same direction.","The map shows wind patterns with arrows indicating the direction of the wind. In both Chicago and Houston, the arrows point in a similar direction, suggesting that the winds are flowing in roughly the same direction.","The map shows wind patterns with arrows indicating the direction of the wind. In the regions near Chicago and Houston, the arrows are aligned in a similar direction, suggesting that the winds are flowing in roughly the same direction.","The map shows wind patterns with arrows indicating the direction of the wind. In both Chicago and Houston, the arrows point in a similar direction, suggesting that the winds are flowing in roughly the same direction."
18,vis05.png,How many other atoms is each atom directly connected to?,A,C,B,C,A,D,B,D,B,C,D,C,B,C,C,D,B,D,B,C,0,1,1,1,0,1,1,1,1,1,"Each atom in the structure is connected to four other atoms, as indicated by the number of links (edges) attached to each node (atom).","Each atom in the structure is connected to three other atoms, as indicated by the three links extending from each node.","Each atom in the structure is connected to three other atoms, as indicated by the three links extending from each node.","Each atom in the structure is connected to three other atoms, as indicated by the three links extending from each node.","Each atom in the structure is connected to four other atoms, as indicated by the number of links (edges) attached to each node (atom).","Each atom in the structure is connected to three other atoms, as indicated by the three links extending from each node.","Each atom in the structure is connected to three other atoms, as indicated by the three links extending from each node.","Each atom in the structure is connected to three other atoms, as indicated by the three links extending from each node.","Each atom in the structure is connected to three other atoms, as indicated by the three links extending from each node.","Each atom in the structure is connected to three other atoms, as indicated by the three links extending from each node."
19,vis05.png,Which structural pattern can be observed in the molecule?,D,A,C,A,C,C,A,A,C,D,D,B,D,B,B,A,A,C,A,A,1,0,0,0,0,0,1,0,0,0,"The visualization shows a structure where each pentagon is surrounded by hexagons, indicating that each pentagon is adjacent only to hexagons.","The visualization shows a structure where two pentagons are connected by a common edge, indicating that option B is correct.","The visualization shows a structure with multiple hexagons and pentagons. Upon close inspection, it is evident that two pentagons are connected by a common edge, which matches option D.","The visualization shows a structure where two pentagons are connected by a common edge, indicating that option B is correct.","The visualization shows a structure where two pentagons are connected by a common edge, indicating that option B is correct.","The visualization shows a structure where two pentagons are connected by a common edge, which is a characteristic of certain molecular structures like buckminsterfullerene.","The visualization shows a structure where each pentagon is surrounded by hexagons, indicating that each pentagon is adjacent only to hexagons.","The visualization shows a structure where two pentagons are connected by a common edge, indicating that option C is correct.","The visualization shows a structure where two pentagons are connected by a common edge, which is a characteristic of certain molecular structures like buckminsterfullerene.","The visualization shows a structure where two pentagons are connected by a common edge, which is a characteristic of certain molecular structures like buckminsterfullerene."
20,vis06.png,How many holes does the object have?,C,D,A,D,D,B,C,B,D,B,B,D,D,D,D,B,C,B,D,B,0,1,0,1,1,1,1,1,1,1,"The object has a single continuous loop with no additional holes, as indicated by the single light-yellow ridge that highlights the embedded knot.","The object has two distinct loops or tubes connecting the spherical lobes, which can be considered as holes in the structure.",The object has a single continuous loop with no additional holes or openings.,"The object has two distinct loops or tubes connecting the spherical lobes, which can be considered as holes in the structure.","The object has two distinct loops or tubes connecting the spherical lobes, which can be considered as holes in the structure.","The object has two distinct loops or holes, as indicated by the two separate tubes connecting the spherical lobes.","The object has two distinct loops or tubes connecting the spherical lobes, which can be considered as holes in the context of the object's structure.","The object has two distinct loops or tubes connecting the spherical lobes, which can be considered as holes in the context of the question.","The object has two distinct loops or tubes connecting the spherical lobes, which can be considered as holes in the structure.","The object has two distinct loops or holes, as indicated by the two separate tubes connecting the spherical lobes."
21,vis06_02.png,Suppose you make a single cut through the curved tube halfway between the top and middle balls. What happens to the balls after the cut?,A,C,B,C,A,D,B,D,B,C,B,B,A,B,B,A,C,B,A,A,0,0,0,0,0,0,0,0,0,0,"The cut is made through the curved tube halfway between the top and middle balls, which would sever the connection between the top ball and the rest of the structure, causing it to separate.","The cut is made through the curved tube halfway between the top and middle balls, which would sever the connection between the top ball and the rest of the structure, allowing the top ball to separate. The bottom and middle balls are connected by the remaining part of the tube and would stay together.","The cut is made through the curved tube halfway between the top and middle balls, which means the connection between the top and middle balls is not severed. However, the bottom ball is separated from the rest of the structure by this cut.","The cut is made through the curved tube halfway between the top and middle balls, which would sever the connection between the top ball and the rest of the structure, allowing the top ball to separate. The bottom and middle balls are connected by the remaining part of the tube and would stay together.","The cut is made through the curved tube halfway between the top and middle balls, which would sever the connection between the top ball and the rest of the structure, leaving the bottom and middle balls still connected.","The cut is made through the curved tube halfway between the top and middle balls, which would sever the connection between the top ball and the rest of the structure, leaving the bottom and middle balls still connected.","The cut is made through the curved tube halfway between the top and middle balls, which would sever the connection between the bottom ball and the rest of the structure, causing it to separate.","The cut is made through the curved tube halfway between the top and middle balls, which would sever the connection between the bottom ball and the rest of the structure, leaving the top and middle balls still connected.","The cut is made through the curved tube halfway between the top and middle balls, which would sever the connection between the top ball and the rest of the structure, leaving the bottom and middle balls still connected.","The cut is made through the curved tube halfway between the top and middle balls, which would sever the connection between the top ball and the rest of the structure, leaving the bottom and middle balls still connected."
22,vis06_03.png,"It is possible to travel from point A to point B by moving only along the light brown surface, without going through empty space or onto any dark-brown region or lightyellow ridge.",A,B,B,B,B,A,B,A,B,A,A,B,B,B,B,A,B,A,B,A,1,1,1,1,1,1,1,1,1,1,"The light brown surface forms a continuous path that connects point A to point B without intersecting the dark-brown regions or the light-yellow ridge, as indicated by the structure of the Seifert surface.",The light brown surface forms a continuous path that connects point A to point B without crossing any boundaries or empty spaces.,The light brown surface forms a continuous path that connects point A to point B without crossing any boundaries or empty spaces.,The light brown surface forms a continuous path that connects point A to point B without crossing any boundaries or empty spaces.,The light brown surface forms a continuous path that connects point A to point B without crossing any boundaries or empty spaces.,"The light brown surface forms a continuous path that connects point A to point B without intersecting the dark-brown regions or the light-yellow ridge, as indicated by the structure of the Seifert surface.",The light brown surface forms a continuous path that connects point A to point B without crossing any boundaries or empty spaces.,"The light brown surface forms a continuous path that connects point A to point B without intersecting the dark-brown regions or the light-yellow ridge, as indicated by the structure of the Seifert surface.",The light brown surface forms a continuous path that connects point A to point B without crossing any boundaries or empty spaces.,"The light brown surface forms a continuous path that connects point A to point B without intersecting the dark-brown regions or the light-yellow ridge, as indicated by the structure of the Seifert surface."
23,vis07.png,"From this viewpoint, which organ is closest to the viewer?",A,C,C,C,C,A,B,B,C,A,B,B,B,B,A,C,C,A,A,B,0,0,0,0,0,0,0,0,0,0,"The bladder is the organ closest to the viewer as it is positioned at the bottom of the image, directly in front of the pelvic bones.","The bladder is the organ closest to the viewer as it is positioned at the bottom of the image, directly in front of the pelvic bones.","The bladder is the organ closest to the viewer as it is positioned at the bottom of the image, directly in front of the pelvic bones.","The bladder is the organ closest to the viewer as it is positioned at the bottom of the image, directly in front of the pelvic bones.","The bladder is the organ that appears closest to the viewer in the provided image. It is located at the bottom of the torso, in front of the spine, and is the lowest organ in the image.","The bladder is the organ that appears closest to the viewer in the provided image. It is located at the bottom of the image, in front of the pelvic bones.","The bladder is the organ closest to the viewer as it is positioned at the bottom of the image, in front of the other organs.","The bladder is the organ closest to the viewer as it is positioned at the bottom of the image, directly in front of the pelvic bones.","The bladder is the organ that appears closest to the viewer in the provided image. It is located at the bottom of the torso, in front of the spine, and is the lowest organ in the image.","The bladder is the organ closest to the viewer as it is positioned at the bottom of the image, directly in front of the pelvic bones."
24,vis07.png,Which pair of organs is the farthest apart?,D,A,C,A,C,C,A,A,C,D,C,B,D,B,C,C,D,C,C,D,0,0,0,0,1,1,0,0,1,1,"The liver is located in the upper right quadrant of the abdomen, while the kidneys are located in the lower back, on either side of the spine. This places them at a greater distance from each other compared to the other organ pairs listed.","The liver is located in the upper right quadrant of the abdomen, while the lungs are in the chest cavity. The distance between these two organs is greater than the distance between any of the other organ pairs listed.","The liver is located in the upper right quadrant of the abdomen, while the lungs are in the thoracic cavity. The distance between these two organs is greater than the distance between any of the other organ pairs listed.","The liver is located in the upper right quadrant of the abdomen, while the lungs are in the chest cavity. The distance between these two organs is greater than the distance between any of the other organ pairs listed.","The bladder is located in the lower abdomen, while the lungs are in the upper chest. This vertical separation makes them the farthest apart among the given options.","The bladder is located in the lower abdomen, while the lungs are in the upper chest. This vertical separation makes them the farthest apart among the given options.","The liver is located in the upper right quadrant of the abdomen, while the lungs are in the thoracic cavity. The distance between these two organs is greater than the distance between any of the other organ pairs listed.","The liver is located in the upper right quadrant of the abdomen, while the lungs are in the thoracic cavity. The distance between these two organs is greater than the distance between any other pair listed.","The bladder is located in the lower abdomen, while the lungs are in the upper chest. This vertical separation makes them the farthest apart among the given options.","The bladder is located in the lower abdomen, while the lungs are in the upper chest. This vertical separation makes them the farthest apart among the given options."
25,vis08_01.png,The fiber bundles within the marked region generally run front-back.,B,A,A,A,A,B,A,B,A,B,B,A,A,A,A,B,A,B,A,B,1,1,1,1,1,1,1,1,1,1,"The marked region shows fiber bundles that are oriented more horizontally, suggesting a left-right orientation rather than front-back.","The marked region shows fiber bundles that are oriented more horizontally, suggesting a left-right orientation rather than front-back.","The marked region shows fiber bundles that are oriented more horizontally, suggesting a left-right orientation rather than front-back.","The marked region shows fiber bundles that are oriented more horizontally, suggesting a left-right orientation rather than front-back.","The marked region shows fiber bundles that are oriented more horizontally, suggesting a left-right orientation rather than front-back.","The marked region shows fiber bundles that are oriented more horizontally, suggesting a left-right orientation rather than front-back.","The marked region shows fiber bundles that are oriented more horizontally, suggesting a left-right orientation rather than front-back.","The marked region shows fiber bundles that are oriented more horizontally, suggesting a left-right orientation rather than front-back.","The marked region shows fiber bundles that are oriented more horizontally, suggesting a left-right orientation rather than front-back.","The marked region shows fiber bundles that are oriented more horizontally, suggesting a left-right orientation rather than front-back."
26,vis08_02.png,Which region has the highest density of fiber bundles?,C,D,A,D,D,B,C,B,D,B,A,D,B,D,D,D,B,D,B,B,0,1,0,1,1,0,0,0,0,1,Region C has the highest density of fiber bundles as it shows the most concentrated and numerous lines within the circled area.,Region B has the highest density of fiber bundles as it shows the most concentrated and numerous lines within the circled area.,"Region B appears to have the highest density of fiber bundles, as it shows the most concentrated and numerous lines within the circled area.",Region B has the highest density of fiber bundles as it shows the most concentrated and numerous lines within the circled area.,Region B has the highest density of fiber bundles as it shows the most concentrated and numerous lines within the circled area.,Region C has the highest density of fiber bundles as it shows the most concentrated and numerous lines within the circled area.,Region C has the highest density of fiber bundles as it shows the most concentrated and numerous lines within the circled area.,Region C has the highest density of fiber bundles as it shows the most concentrated and numerous lines within the circled area.,Region C has the highest density of fiber bundles as it shows the most concentrated and numerous lines within the circled area.,Region B has the highest density of fiber bundles as it shows the most concentrated and numerous lines within the circled area.
27,vis09.jpg,"Relative to the two sugar-phosphate backbones, the nitrogen base pairs are located ______.",A,C,B,C,A,D,B,D,B,C,A,C,B,C,A,D,B,D,B,C,1,1,1,1,1,1,1,1,1,1,The nitrogen base pairs are shown connecting the two sugar-phosphate backbones in the double helix structure of DNA.,"The nitrogen base pairs are shown connecting the two sugar-phosphate backbones, indicating they are located between them.",The nitrogen base pairs are shown connecting the two sugar-phosphate backbones in the double helix structure of DNA.,"The nitrogen base pairs are shown connecting the two sugar-phosphate backbones, indicating they are located between them.",The nitrogen base pairs are shown connecting the two sugar-phosphate backbones in the double helix structure of DNA.,"The nitrogen base pairs are shown connecting the two sugar-phosphate backbones, indicating they are located between them.",The nitrogen base pairs are shown connecting the two sugar-phosphate backbones in the double helix structure of DNA.,"The nitrogen base pairs are shown connecting the two sugar-phosphate backbones, indicating they are located between them.",The nitrogen base pairs are shown connecting the two sugar-phosphate backbones in the double helix structure of DNA.,"The nitrogen base pairs are shown connecting the two sugar-phosphate backbones, indicating they are located between them."
28,vis09.jpg,Which of the following correctly lists these structures from largest to smallest?,C,D,A,D,D,B,C,B,D,B,C,D,A,D,D,B,C,B,D,B,1,1,1,1,1,1,1,1,1,1,"The image shows a cell containing a nucleus, which contains a chromosome. The chromosome is made up of DNA, and a gene is a segment of DNA. Therefore, the correct order from largest to smallest is cell, nucleus, chromosome, DNA, gene.","The image shows a cell containing a nucleus, which contains a chromosome. The chromosome is made up of DNA, and a gene is a segment of DNA. Therefore, the correct order from largest to smallest is cell, nucleus, chromosome, DNA, gene.","The image shows a cell containing a nucleus, which contains a chromosome. The chromosome is made up of DNA, and a gene is a segment of DNA. Therefore, the correct order from largest to smallest is cell, nucleus, chromosome, DNA, gene.","The image shows a cell containing a nucleus, which contains a chromosome. The chromosome is made up of DNA, and a gene is a segment of DNA. Therefore, the correct order from largest to smallest is cell, nucleus, chromosome, DNA, gene.","The image shows a cell containing a nucleus, which contains a chromosome. The chromosome is made up of DNA, and a gene is a segment of DNA. Therefore, the correct order from largest to smallest is cell, nucleus, chromosome, DNA, gene.","The visualization shows a cell containing a nucleus, which contains a chromosome. The chromosome is made up of DNA, and a gene is a segment of DNA. Therefore, the correct order from largest to smallest is cell, nucleus, chromosome, DNA, gene.","The image shows a cell containing a nucleus, which contains a chromosome. The chromosome is made up of DNA, and a gene is a segment of DNA. Therefore, the correct order from largest to smallest is cell, nucleus, chromosome, DNA, gene.","The image shows a cell containing a nucleus, which contains a chromosome. The chromosome is made up of DNA, and a gene is a segment of DNA. Therefore, the correct order from largest to smallest is cell, nucleus, chromosome, DNA, gene.","The visualization shows a cell containing a nucleus, which contains a chromosome. The chromosome is made up of DNA, and a gene is a segment of DNA. Therefore, the correct order from largest to smallest is cell, nucleus, chromosome, DNA, gene.","The image shows a cell containing a nucleus, which contains a chromosome. The chromosome is made up of DNA, and a gene is a segment of DNA. Therefore, the correct order from largest to smallest is cell, nucleus, chromosome, DNA, gene."
29,vis10.png,"Starting from the center of the particle and moving outward, which order is correct?",D,A,C,A,C,C,A,A,C,D,D,A,C,A,C,C,A,A,C,B,1,1,1,1,1,1,1,1,1,0,"The visualization shows the innermost part of the particle as yellow, which corresponds to the ribonucleoprotein (RNP) complexes. The next layer is the gray envelope, and the outermost layer consists of the spike proteins in red and tan. Therefore, the correct order from the center outward is RNPs, envelope, RBDs.","The visualization shows the internal structure of the SARS-CoV-2 particle. The center of the particle is occupied by the ribonucleoprotein (RNP) complexes, which are yellow. Surrounding the RNPs is the gray lipid envelope. Extending outward from the envelope are the spike proteins, which are red and tan, representing the RBDs in different conformations.","The visualization shows the RNPs in yellow at the center, the envelope in gray surrounding the RNPs, and the RBDs in red and tan on the outermost layer. This order matches the sequence RNPs, envelope, RBDs.","The visualization shows the internal structure of the SARS-CoV-2 particle. The center of the particle is occupied by the ribonucleoprotein (RNP) complexes, which are yellow. Surrounding the RNPs is the gray lipid envelope. Extending outward from the envelope are the spike proteins, which are red and tan, representing the RBDs in different conformations.","The visualization shows the internal structure of the SARS-CoV-2 particle. The center of the particle is occupied by the ribonucleoprotein (RNP) complexes, which are yellow. Surrounding the RNPs is the lipid envelope, depicted in gray. The spike proteins, which are the RBDs, are shown in red and are located on the outermost layer. Therefore, the correct order from the center outward is RNPs, envelope, RBDs.","The visualization shows the innermost part of the particle as yellow, which corresponds to the ribonucleoprotein (RNP) complexes. The next layer is the gray, representing the lipid envelope. The outermost layer consists of the spike proteins, which are shown in red and tan. Therefore, the correct order from the center outward is RNPs, envelope, RBDs.","The visualization shows the internal structure of the SARS-CoV-2 particle. The center of the particle is occupied by the ribonucleoprotein (RNP) complexes, which are yellow. Surrounding the RNPs is the gray lipid envelope. Extending outward from the envelope are the spike proteins, which are tan and red, representing the RBDs in different conformations.","The visualization shows the internal structure of the SARS-CoV-2 particle. The center of the particle is occupied by the ribonucleoprotein (RNP) complexes, which are yellow. Surrounding the RNPs is the gray lipid envelope. Extending outward from the envelope are the spike proteins, which are red and tan, representing the RBDs in different conformations.","The visualization shows the internal structure of the SARS-CoV-2 particle. The center of the particle is occupied by the ribonucleoprotein (RNP) complexes, which are yellow. Surrounding the RNPs is the lipid envelope, depicted in gray. The spike proteins, which are the RBDs, are shown in red and are located on the outermost layer. Therefore, the correct order from the center outward is RNPs, envelope, RBDs.","The visualization shows the internal structure of the SARS-CoV-2 particle. The center of the particle is occupied by the ribonucleoprotein (RNP) complexes, which are yellow. Surrounding the RNPs are the spike proteins (RBDs), depicted in red. The outermost layer is the lipid envelope, shown in gray. Therefore, the correct order from the center outward is RNPs, RBDs, and then the envelope."
30,vis10.png,What is the approximate radius of the lipid envelope?,C,D,A,D,D,B,C,B,D,B,C,B,A,B,B,D,B,C,D,B,1,0,1,0,0,0,0,0,1,1,"The scale bar indicates 20 nm, and the diameter of the lipid envelope appears to be roughly twice the length of the scale bar, suggesting a radius of approximately 40 nm.","The scale bar indicates 20 nm, and the diameter of the lipid envelope appears to be roughly twice the length of the scale bar, suggesting a radius of approximately 30 nm.","The scale bar indicates 20 nm, and the diameter of the lipid envelope appears to be approximately twice the length of the scale bar, suggesting a radius of about 40 nm.","The scale bar indicates 20 nm, and the diameter of the lipid envelope appears to be roughly twice the length of the scale bar, suggesting a radius of approximately 30 nm.","The scale bar indicates 20 nm, and the diameter of the lipid envelope appears to be roughly twice the length of the scale bar, suggesting a radius of approximately 30 nm.","The scale bar indicates 20 nm, and the diameter of the lipid envelope appears to be roughly three times the length of the scale bar, suggesting a radius of approximately 50 nm.","The scale bar indicates 20 nm, and the diameter of the lipid envelope appears to be roughly three times the length of the scale bar, suggesting a radius of approximately 50 nm.","The scale bar indicates 20 nm, and the diameter of the lipid envelope appears to be roughly three times the length of the scale bar, suggesting a radius of approximately 30 nm.","The scale bar indicates 20 nm, and the diameter of the lipid envelope appears to be roughly twice the length of the scale bar, suggesting a radius of approximately 40 nm.","The scale bar indicates 20 nm, and the diameter of the lipid envelope appears to be roughly twice the length of the scale bar, suggesting a radius of approximately 40 nm."
31,vis11.png,How many segments are present in the abdomen of a female dragonfly?,D,A,C,A,C,C,A,A,C,D,D,A,C,A,C,C,A,A,C,D,1,1,1,1,1,1,1,1,1,1,"The abdomen of the female dragonfly is labeled with segments S1 through S10, indicating there are 10 segments.","The abdomen of the female dragonfly is labeled with segments S1 through S10, indicating there are 10 segments.","The abdomen of the female dragonfly is labeled with segments S1 through S10, indicating there are 10 segments.","The abdomen of the female dragonfly is labeled with segments S1 through S10, indicating there are 10 segments.","The abdomen of the female dragonfly is labeled with segments S1 through S10, indicating there are 10 segments.","The abdomen of the female dragonfly is labeled with segments S1 through S10, indicating there are 10 segments.","The abdomen of the female dragonfly is labeled with segments S1 through S10, indicating there are 10 segments.","The abdomen of the female dragonfly is labeled with segments S1 through S10, indicating there are 10 segments.","The abdomen of the female dragonfly is labeled with segments S1 through S10, indicating there are 10 segments.","The abdomen of the female dragonfly is labeled with segments S1 through S10, indicating there are 10 segments."
32,vis11.png,Which of the following parts is present only in a male dragonfly?,B,B,D,B,B,A,D,C,A,A,D,B,C,B,C,C,D,C,C,D,0,1,0,1,0,0,1,1,0,0,"The cercus is labeled as a part of the male dragonfly's anatomy, indicating it is present only in males.","The epiproct is labeled as a part of the male dragonfly's anatomy, while the cercus is labeled for both male and female. The other options are not marked as exclusive to one gender.","The cercus is labeled as a part of the male dragonfly's anatomy, while the female dragonfly is shown with a different structure labeled as 'Cercus'. This indicates that the cercus is a male-specific part.","The epiproct is labeled as a part of the male dragonfly's anatomy, while the cercus is labeled for both male and female. The other options are not marked as exclusive to one gender.","The cercus is labeled as a part of the male dragonfly's anatomy, while the female dragonfly is shown with a different structure labeled as 'Cercus'. This indicates that the cercus is a male-specific part.","The cercus is labeled as a part of the male dragonfly's anatomy, while the female dragonfly is shown with a different structure labeled as 'Cercus'. This indicates that the cercus is a male-specific part.","The epiproct is labeled as a part of the male dragonfly's anatomy, while the cercus is labeled for both male and female. The other options, postclypeus and metepisternum, are not marked as gender-specific in the image.","The epiproct is labeled as a part of the male dragonfly's anatomy, while the cercus is labeled for both male and female. The metepisternum and postclypeus are not marked as gender-specific in the image.","The cercus is labeled as a part of the male dragonfly's anatomy, while the female dragonfly is shown with a different structure labeled as 'Cercus'. This indicates that the cercus is a male-specific part.","The cercus is labeled as a part of the male dragonfly's anatomy, while the other options are not specifically marked as male-exclusive in the image."
33,vis11.png,Which part of the body are the legs attached to?,C,D,A,D,D,B,C,B,D,B,C,D,A,D,D,B,C,B,D,B,1,1,1,1,1,1,1,1,1,1,"The legs are attached to the thorax, as indicated by the labels for the femur, tibia, and tarsus, which are all parts of the leg structure located on the thorax.","The legs are attached to the thorax, as indicated by the labels for the femur, tibia, and tarsus, which are all parts of the leg structure located on the thorax.","The legs are attached to the thorax, as indicated by the labels for the femur, tibia, and tarsus, which are all parts of the legs and are connected to the thorax.","The legs are attached to the thorax, as indicated by the labels for the femur, tibia, and tarsus, which are all parts of the leg structure located on the thorax.","The legs are attached to the thorax, as indicated by the labels for the femur, tibia, and tarsus, which are all parts of the leg structure located on the thorax.","The legs are attached to the thorax, as indicated by the labels for the femur, tibia, and tarsus, which are all parts of the leg structure located on the thorax.","The legs are attached to the thorax, as indicated by the labels for the femur, tibia, and tarsus, which are all parts of the leg structure located on the thorax.","The legs are attached to the thorax, as indicated by the labels for the femur, tibia, and tarsus, which are all parts of the leg structure located on the thorax.","The legs are attached to the thorax, as indicated by the labels for the femur, tibia, and tarsus, which are all parts of the leg structure located on the thorax.","The legs are attached to the thorax, as indicated by the labels for the femur, tibia, and tarsus, which are all parts of the leg structure located on the thorax."
34,vis12.png,Fin rays are the thin bones that support each fin. In which labeled fin are the fin rays the longest?,C,D,A,D,D,B,C,B,D,B,C,D,A,D,D,B,C,B,D,B,1,1,1,1,1,1,1,1,1,1,"The caudal fin, also known as the tail fin, typically has the longest fin rays to provide propulsion and maneuverability in water.","The caudal fin, also known as the tail fin, typically has the longest fin rays to provide propulsion and maneuverability in water.","The caudal fin, also known as the tail fin, typically has the longest fin rays to provide propulsion and maneuverability in water.","The caudal fin, also known as the tail fin, typically has the longest fin rays to provide propulsion and maneuverability in water.","The caudal fin, also known as the tail fin, typically has the longest fin rays to provide propulsion and maneuverability in water.","The caudal fin, also known as the tail fin, typically has the longest fin rays to provide propulsion and maneuverability in water.","The caudal fin, also known as the tail fin, typically has the longest fin rays to provide propulsion and maneuverability in water.","The caudal fin, also known as the tail fin, typically has the longest fin rays to provide propulsion and maneuverability in water.","The caudal fin, also known as the tail fin, typically has the longest fin rays to provide propulsion and maneuverability in water.","The caudal fin, also known as the tail fin, typically has the longest fin rays to provide propulsion and maneuverability in water."
35,vis13.mp4,"Over the course of the animation, how does the shape of the gas change?",D,A,C,A,C,C,A,A,C,D,D,A,C,A,C,C,A,A,C,D,1,1,1,1,1,1,1,1,1,1,"The early stage shows a donut-like shape, which transitions into a disk in the middle stage. By the late stage, the disk breaks apart into thin streams.","The visualization shows the gas initially forming a donut shape around the black hole, which then evolves into a disk. In the later stages, the disk breaks apart into thin streams, indicating a change in the gas's structure.","The animation shows the gas initially forming a donut shape, which then flattens into a disk. As the animation progresses, the disk breaks apart into thin streams, indicating a change in the gas's structure.","The visualization shows the gas initially forming a donut shape around the black hole, which then evolves into a disk. In the later stages, the disk breaks apart into thin streams, indicating a change in the gas's structure.","The animation shows the gas initially forming a donut shape, which then transitions into a disk. As the animation progresses, the disk breaks apart into thin streams, indicating a change in the gas's structure.","The early stage shows a donut-like shape, which transitions into a disk in the middle stage. By the late stage, the disk breaks apart into thin streams, indicating a change in shape.","The visualization shows the gas initially forming a donut shape around the black hole. As the animation progresses, the donut transforms into a disk. In the final stage, the disk breaks apart into thin streams, indicating a change in the gas's structure.","The visualization shows the gas initially forming a donut shape around the black hole. As the animation progresses, the donut transforms into a disk. In the later stages, the disk breaks apart into thin streams, indicating a change in the gas's structure.","The animation shows the gas initially forming a donut shape, which then transitions into a disk. As the animation progresses, the disk breaks apart into thin streams, indicating a change in the gas's structure.","The animation shows the gas initially forming a donut shape, which then flattens into a disk. As the animation progresses, the disk breaks apart into thin streams, indicating a change in the gas's structure."
36,vis13.mp4,"In the middle stage, which region has the highest energy?",B,B,D,B,B,A,D,C,A,A,B,B,D,B,B,A,D,C,A,A,1,1,1,1,1,1,1,1,1,1,"The visualization shows that the inner parts of the disk, close to the black hole, are depicted in the brightest colors, indicating the highest radiation energy density.","The visualization shows that the inner parts of the disk, close to the black hole, are depicted in the brightest colors, indicating the highest radiation energy density.","The visualization shows that the inner parts of the disk, close to the black hole, are depicted in the brightest colors, indicating the highest radiation energy density.","The visualization shows that the inner parts of the disk, close to the black hole, are depicted in the brightest colors, indicating the highest radiation energy density.","The visualization shows that the inner parts of the disk, close to the black hole, are depicted in the brightest colors, indicating the highest radiation energy density.","The visualization shows that the inner parts of the disk, close to the black hole, are depicted in the brightest colors, indicating the highest radiation energy density.","The visualization shows that the inner parts of the disk, close to the black hole, are depicted in the brightest colors, indicating the highest radiation energy density.","The visualization shows that the inner parts of the disk, close to the black hole, are depicted in the brightest colors, indicating the highest radiation energy density.","The visualization shows that the inner parts of the disk, close to the black hole, are depicted in the brightest colors, indicating the highest radiation energy density.","The visualization shows that the inner parts of the disk, close to the black hole, are depicted in the brightest colors, indicating the highest radiation energy density."
37,vis14.mp4,"Over the course of the animation, the red internal gas ____ .",D,A,C,A,C,C,A,A,C,D,C,D,A,D,D,B,C,B,D,B,0,0,0,0,0,0,0,0,0,0,"The red internal gas appears to be moving inward, as indicated by the shrinking appearance of the red area over time in the animation.","The red internal gas appears to be moving inward, as indicated by the shrinking appearance of the red region over time in the animation.","The red internal gas appears to be moving inward, as indicated by the shrinking appearance of the red region over time in the animation.","The red internal gas appears to be moving inward, as indicated by the shrinking appearance of the red region over time in the animation.","The red internal gas appears to be moving inward, as indicated by the color gradient and the shape of the gas structures, which are becoming more compact over time.","The red internal gas appears to be moving inward, as indicated by the shrinking appearance of the red area over time in the animation.","The red internal gas appears to be moving inward, as indicated by the shrinking appearance of the red area over time in the animation.","The red internal gas appears to be moving inward, as indicated by the shrinking appearance of the red region over time in the animation.","The red internal gas appears to be moving inward, as indicated by the shrinking appearance of the red region over time in the animation.","The red internal gas appears to be moving inward, as indicated by the shrinking appearance of the red region over time in the animation."
38,vis14.mp4,The internal shocked gas always has lower entropy than the stalled shockwave.,B,A,A,A,A,B,A,B,A,B,B,A,A,A,A,B,A,B,A,B,1,1,1,1,1,1,1,1,1,1,"The visualization shows that the internal shocked gas, represented by the red and yellow areas, has higher entropy values compared to the stalled shockwave, which is depicted by the green outer shell. This indicates that the internal shocked gas does not always have lower entropy than the stalled shockwave.","The visualization shows that the internal shocked gas is depicted in red, which corresponds to higher entropy values on the color scale, while the stalled shockwave is shown in yellow, indicating lower entropy. Therefore, the internal shocked gas does not always have lower entropy than the stalled shockwave.","The visualization shows that the internal shocked gas is depicted in red, which corresponds to higher entropy values on the color scale, while the stalled shockwave is shown in yellow, indicating lower entropy. Therefore, the internal shocked gas does not always have lower entropy than the stalled shockwave.","The visualization shows that the internal shocked gas is depicted in red, which corresponds to higher entropy values on the color scale, while the stalled shockwave is shown in yellow, indicating lower entropy. Therefore, the internal shocked gas does not always have lower entropy than the stalled shockwave.","The visualization shows that the internal shocked gas is depicted in red, which corresponds to higher entropy values on the color scale, while the stalled shockwave is shown in yellow, indicating lower entropy. Therefore, the internal shocked gas does not always have lower entropy than the stalled shockwave.","The visualization shows that the internal shocked gas, represented by the red and yellow areas, has higher entropy values compared to the stalled shockwave, which is depicted by the green outer shell. This indicates that the internal shocked gas does not always have lower entropy than the stalled shockwave.","The visualization shows that the internal shocked gas is depicted in red, which corresponds to higher entropy values on the color scale, while the stalled shockwave is shown in yellow, indicating lower entropy. Therefore, the internal shocked gas does not always have lower entropy than the stalled shockwave.","The visualization shows that the internal shocked gas, represented by the red and yellow areas, has higher entropy values compared to the stalled shockwave, which is depicted by the green outer shell. This indicates that the internal shocked gas does not always have lower entropy than the stalled shockwave.","The visualization shows that the internal shocked gas is depicted in red, which corresponds to higher entropy values on the color scale, while the stalled shockwave is shown in yellow, indicating lower entropy. Therefore, the internal shocked gas does not always have lower entropy than the stalled shockwave.","The visualization shows that the internal shocked gas, represented by the red and yellow areas, has higher entropy values compared to the stalled shockwave, which is depicted by the green outer shell. This indicates that the internal shocked gas does not always have lower entropy than the stalled shockwave."
39,vis14.mp4,"As the red internal gas expands on one side, the outer shell on that side ___ .",B,B,D,B,B,A,D,C,A,A,B,B,D,B,B,A,D,C,C,A,1,1,1,1,1,1,1,1,0,1,"The outer shell is semi-transparent and appears to be expanding, but it does not dissolve or rupture. The gas inside the shell is contained, indicating that the shell remains intact.","The outer shell is semi-transparent and appears to be expanding, but it does not rupture or dissolve. The gas remains inside the shell, indicating that the shell expands while maintaining its integrity.","The outer shell is semi-transparent and appears to be expanding, but it does not dissolve or rupture. The gas inside the shell is also expanding, but the shell remains intact, suggesting it is expanding along with the gas.","The outer shell is semi-transparent and appears to be expanding, but it does not rupture or dissolve. The gas remains inside the shell, indicating that the shell expands while maintaining its integrity.","The outer shell is semi-transparent and appears to be expanding, but it does not dissolve or rupture. The gas inside the shell is contained, indicating that the shell remains intact.","The outer shell is semi-transparent and appears to be a barrier that contains the internal structures. As the red internal gas expands, the outer shell also expands but maintains its integrity, suggesting it remains intact and keeps the gas inside.","The outer shell is semi-transparent and appears to be expanding, but it does not rupture or dissolve. The gas inside the shell is contained, indicating that the shell remains intact.","The outer shell is semi-transparent and appears to be expanding with the internal gas, suggesting it is expanding but not rupturing or dissolving.","The visualization shows a semi-transparent outer shell, which represents a stalled shockwave. As the red internal gas expands on one side, it exerts pressure on the outer shell, causing it to rupture and allowing the gas to escape freely.","The outer shell is semi-transparent and appears to be a barrier that contains the internal structures. As the red internal gas expands, the outer shell also expands but maintains its integrity, suggesting it remains intact and keeps the gas inside."
40,vis15.png,Where is the electric field magnitude the highest?,A,C,B,C,A,D,B,D,B,C,A,C,B,C,A,D,B,D,B,C,1,1,1,1,1,1,1,1,1,1,"The electric field lines are closest together and the color is the brightest (yellow) directly between the two plates, indicating the highest electric field magnitude.","The electric field lines are closest together and the color is the brightest (yellow) directly between the two plates, indicating the highest electric field magnitude.","The electric field lines are closest together directly between the two plates, indicating a higher electric field magnitude. The color gradient also shows a brighter yellow, which corresponds to a higher magnitude, in this central region.","The electric field lines are closest together and the color is the brightest (yellow) directly between the two plates, indicating the highest electric field magnitude.","The electric field lines are closest together and the color is the brightest (yellow) directly between the two plates, indicating the highest electric field magnitude.","The electric field lines are closest together and the color is the brightest (yellow) directly between the two plates, indicating the highest electric field magnitude.","The electric field lines are closest together and the color is the brightest (yellow) directly between the two plates, indicating the highest electric field magnitude.","The electric field lines are closest together and the color is the brightest (yellow) directly between the two plates, indicating the highest electric field magnitude.","The electric field lines are closest together and the color is the brightest (yellow) directly between the two plates, indicating the highest electric field magnitude.","The electric field lines are closest together and the color is the brightest (yellow) directly between the two plates, indicating the highest electric field magnitude."
41,vis15.png,Which statement most accurately describes the electric field lines?,D,A,C,A,C,C,A,A,C,D,D,A,C,A,C,B,A,A,C,D,1,1,1,1,1,0,1,1,1,1,"The electric field lines are directed from the positive plate (plate 2) to the negative plate (plate 1), indicating the direction of the electric field between the plates.","The arrows on the electric field lines point from the positive plate (plate 2) to the negative plate (plate 1), indicating the direction of the electric field.","The electric field lines are directed from the positive plate (plate 2) to the negative plate (plate 1), indicating the direction of the electric field between the plates.","The arrows on the electric field lines point from the positive plate (plate 2) to the negative plate (plate 1), indicating the direction of the electric field.","The electric field lines are directed from the positive plate (plate 2) to the negative plate (plate 1), indicating the direction of the electric field between the plates.","The electric field lines around plate 1 are shown spreading outwards, indicating a divergent pattern. This is consistent with the behavior of electric field lines emanating from a positive charge.","The arrows on the electric field lines indicate the direction of the field, which is from the positive plate (plate 2) to the negative plate (plate 1).","The arrows on the electric field lines point from the positive plate (plate 2) to the negative plate (plate 1), indicating the direction of the electric field.","The electric field lines are directed from the positive plate (plate 2) to the negative plate (plate 1), indicating the direction of the electric field between the plates.","The electric field lines are directed from the positive plate (plate 2) to the negative plate (plate 1), indicating the direction of the electric field between the plates."
42,vis16.png,"In a top-down view (looking down from above), the tornado rotates clockwise.",B,A,A,A,A,B,A,B,A,B,A,B,B,B,B,A,B,A,B,A,0,0,0,0,0,0,0,0,0,0,"The visualization shows the tornado with streamlines and arrows indicating the direction of the velocity field. The arrows in the upper part of the tornado, which would be visible from a top-down view, are pointing in a clockwise direction, indicating clockwise rotation.","The visualization shows the tornado with streamlines and arrows indicating the direction of the velocity field. The arrows in the lower part of the tornado point in a clockwise direction, indicating that the tornado rotates clockwise from a top-down perspective.","The visualization shows the tornado with streamlines and arrows indicating the direction of the velocity field. The arrows in the lower part of the tornado point in a clockwise direction, indicating that the tornado rotates clockwise from a top-down perspective.","The visualization shows the tornado with streamlines and arrows indicating the direction of the velocity field. The arrows in the lower part of the tornado point in a clockwise direction, indicating that the tornado rotates clockwise from a top-down perspective.","The visualization shows the tornado with streamlines and arrows indicating the direction of the velocity field. The arrows in the lower part of the tornado point in a clockwise direction, indicating that the tornado rotates clockwise from a top-down perspective.","The visualization shows the tornado with streamlines and arrows indicating the direction of the velocity field. The arrows in the upper part of the tornado, which would be visible from a top-down view, are pointing in a clockwise direction, indicating clockwise rotation.","The visualization shows the tornado with streamlines and arrows indicating the direction of the velocity field. The arrows in the lower part of the tornado point in a clockwise direction, indicating that the tornado rotates clockwise from a top-down perspective.","The visualization shows the tornado with streamlines and arrows indicating the direction of the velocity field. The arrows in the upper part of the tornado, which would be visible from a top-down view, are pointing in a clockwise direction, indicating clockwise rotation.","The visualization shows the tornado with streamlines and arrows indicating the direction of the velocity field. The arrows in the lower part of the tornado point in a clockwise direction, indicating that the tornado rotates clockwise from a top-down perspective.","The visualization shows the tornado with streamlines and arrows indicating the direction of the velocity field. The arrows in the upper part of the tornado, which would be visible from a top-down view, are pointing in a clockwise direction, indicating clockwise rotation."
43,vis16.png,The arrangement of the streamlines forms a 3D structure best described as ___ .,A,C,B,C,A,D,B,D,B,C,A,C,B,C,A,D,B,D,B,C,1,1,1,1,1,1,1,1,1,1,"The streamlines form a twisted funnel shape, which is characteristic of a tornado's structure. The twisting and narrowing of the streamlines indicate the funnel shape, and the color gradient shows the velocity magnitude, which is higher at the center and decreases towards the edges.","The streamlines form a twisted funnel shape, which is characteristic of a tornado's structure. The twisting and narrowing of the streamlines indicate the funnel shape, and the color gradient shows the velocity magnitude, which is higher at the center and decreases towards the edges.","The streamlines form a twisted funnel shape, which is characteristic of a tornado's structure. The twisting and narrowing of the streamlines indicate the funnel shape, and the color gradient shows the velocity magnitude, which is higher at the center and decreases towards the edges.","The streamlines form a twisted funnel shape, which is characteristic of a tornado's structure. The twisting and narrowing of the streamlines indicate the funnel shape, and the color gradient shows the velocity magnitude, which is higher at the center and decreases towards the edges.","The streamlines form a twisted funnel shape, which is characteristic of a tornado's structure.","The streamlines form a twisted funnel shape, which is characteristic of a tornado's structure. The twisting and narrowing of the streamlines indicate the funnel shape, and the color gradient shows the velocity magnitude, which is higher at the center and decreases towards the edges.","The streamlines form a twisted funnel shape, which is characteristic of a tornado's structure.","The streamlines form a twisted funnel shape, which is characteristic of a tornado's structure. The twisting and narrowing of the streamlines indicate the funnel shape, and the color gradient shows the velocity magnitude, which is higher at the center and decreases towards the edges.","The streamlines form a twisted funnel shape, which is characteristic of a tornado's structure. The twisting and narrowing of the streamlines indicate the funnel shape, and the color gradient shows the velocity magnitude, which is higher at the center and decreases towards the edges.","The streamlines form a twisted funnel shape, which is characteristic of a tornado's structure. The twisting and narrowing of the streamlines indicate the funnel shape, and the color gradient shows the velocity magnitude, which is higher at the center and decreases towards the edges."
44,vis16.png,In which region is the tornado's velocity magnitude the highest?,C,D,A,D,D,B,C,B,D,B,B,B,D,B,B,A,D,C,A,A,0,0,0,0,0,0,0,0,0,0,"The color scale indicates that the highest velocity magnitudes are represented by the red color. The central core of the tornado is predominantly red, indicating it has the highest velocity magnitude.","The color scale indicates that the highest velocity magnitudes are represented by the red color. The central core of the tornado is predominantly red, indicating the highest velocity magnitude.","The color scale indicates that the highest velocity magnitudes are represented by the red color. The central core of the tornado is predominantly red, indicating the highest velocity magnitude in that region.","The color scale indicates that the highest velocity magnitudes are represented by the red color. The central core of the tornado is predominantly red, indicating the highest velocity magnitude.","The color scale indicates that the highest velocity magnitudes are represented by the red color, which is concentrated in the central core of the tornado.","The color scale indicates that the highest velocity magnitudes are represented by the red color. The central core of the tornado is predominantly red, indicating the highest velocity magnitude.","The color scale indicates that the highest velocity magnitudes are represented by the red color, which is concentrated in the central core of the tornado.","The color scale indicates that the highest velocity magnitudes are represented by the red color. The central core of the tornado is predominantly red, indicating the highest velocity magnitude in that region.","The color scale indicates that the highest velocity magnitudes are represented by the red color. The central core of the tornado is predominantly red, indicating the highest velocity magnitude.","The color scale indicates that the highest velocity magnitudes are represented by the red color. The central core of the tornado is predominantly red, indicating the highest velocity magnitude."
45,vis18.mp4,"Up to T+0.175 s after launch, the hottest exhaust is concentrated mainly ____ .",C,D,A,D,D,B,C,B,D,B,B,B,D,B,B,A,D,C,A,A,0,0,0,0,0,0,0,0,0,0,"The visualization shows the hottest exhaust gas, indicated by the brightest colors, concentrated directly beneath the rocket nozzle. This suggests that the highest temperatures are immediately beneath the nozzle.","The visualization shows the rocket exhaust plume with temperature indicated by color. At T+0.175 s, the brightest (hottest) area is directly below the rocket nozzle, indicating the hottest exhaust is concentrated there.","The visualization shows the rocket exhaust plume with temperature indicated by color. The hottest exhaust, represented by the brightest colors, is concentrated immediately beneath the rocket nozzle, indicating the highest temperature at the point of ignition.","The visualization shows the rocket exhaust plume with temperature indicated by color. At T+0.175 s, the brightest (hottest) area is directly below the rocket nozzle, indicating the hottest exhaust is concentrated there.","The visualization shows the hottest exhaust gas, indicated by the brightest colors, concentrated directly beneath the rocket nozzle. This suggests that the highest temperatures are immediately beneath the nozzle.","The visualization shows that the brightest (hottest) areas are directly below the rocket nozzle, indicating the hottest exhaust is concentrated there.","The visualization shows the hottest exhaust gas, indicated by the brightest colors, concentrated immediately beneath the rocket nozzle. This is consistent with the expected behavior of rocket exhaust, which is hottest at the point of ejection from the nozzle.","The visualization shows the hottest exhaust gas, indicated by the brightest colors, concentrated immediately beneath the rocket nozzle. This is consistent with the expected behavior of rocket exhaust, which is hottest at the point of ejection from the nozzle.","The visualization shows that the brightest (hottest) areas are directly under the rocket nozzle, indicating the hottest exhaust is concentrated there.","The visualization shows that the brightest (hottest) areas are directly under the rocket nozzle, indicating the hottest exhaust is concentrated there."
46,vis18.mp4,How does the exhaust plume change right after ignition?,A,C,B,C,A,D,B,D,B,C,C,A,B,A,A,B,B,B,B,C,0,0,1,0,1,0,1,0,1,1,"The visualization shows the exhaust plume starting as a narrow column directly beneath the rocket's nozzle, indicating that it remains confined to a narrow column beneath the nozzle right after ignition.","The visualization shows the rocket exhaust plume starting at the nozzle and moving upward, indicating that it moves away from the pad. The plume does not appear to touch the trench, suggesting it is moving upward and away.","The visualization shows the exhaust plume expanding and spreading along the trench as time progresses, indicating that it moves away from the rocket.","The visualization shows the rocket exhaust plume starting at the nozzle and moving upward, indicating that it moves away from the pad. The plume does not appear to touch the trench, suggesting it is moving upward and away.","The visualization shows the exhaust plume expanding and spreading along the trench immediately after ignition, indicating that it is moving away from the rocket.","The visualization shows the exhaust plume starting as a narrow column directly beneath the rocket nozzle, indicating that it remains confined to a narrow column right after ignition.","The visualization shows the exhaust plume expanding and spreading along the trench as it moves away from the rocket, indicating that it is not confined to a narrow column beneath the nozzle.","The visualization shows the rocket exhaust plume immediately after ignition, with the plume remaining confined to a narrow column beneath the nozzle. This indicates that the exhaust gases are initially directed straight down, without significant spreading or movement away from the rocket.","The visualization shows the exhaust plume expanding and spreading along the trench immediately after ignition, indicating that it is moving away from the rocket.","The visualization shows the exhaust plume expanding and spreading along the trench as time progresses, indicating that it moves away from the rocket and along the trench."
47,vis19.mp4,"After the air reaches the front of the car, it ____ .",C,D,A,D,D,B,C,B,D,B,C,D,A,D,D,B,C,B,D,B,1,1,1,1,1,1,1,1,1,1,"The visualization shows the airflow around the car, with the air splitting and flowing over the roof and under the car, as indicated by the color gradients and flow patterns.","The visualization shows the airflow around the car, with the air splitting and flowing over the roof and under the car, as indicated by the color gradients and flow patterns.","The visualization shows the airflow around the car, with the air reaching the front and then splitting. The flow over the roof and under the car is indicated by the color gradients and patterns in the visualization.","The visualization shows the airflow around the car, with the air splitting and flowing over the roof and under the car, as indicated by the color gradients and flow patterns.","The visualization shows the airflow around the car, with the air splitting and flowing over the roof and under the car, as indicated by the color gradients and flow patterns.","The visualization shows the airflow around the car, with the air splitting and flowing over the roof and under the car, as indicated by the color gradients and flow patterns.","The visualization shows the airflow around the car, with the air splitting and flowing over the roof and under the car, as indicated by the color gradients and flow patterns.","The visualization shows the airflow around the car, with the air splitting and flowing over the roof and under the car, as indicated by the color gradients and flow patterns.","The visualization shows the airflow around the car, with the air splitting and flowing over the roof and under the car, as indicated by the color gradients and flow patterns.","The visualization shows the airflow around the car, with the air splitting and flowing over the roof and under the car, as indicated by the color gradients and flow patterns."
48,vis19.mp4,Which region of the car shows the highest kinematic pressure?,A,C,B,C,A,D,B,D,B,C,A,C,B,C,A,D,B,D,B,C,1,1,1,1,1,1,1,1,1,1,"The visualization shows the highest kinematic pressure in the red area, which is located at the middle of the front bumper.","The visualization shows the highest kinematic pressure in the middle of the front bumper, indicated by the red color on the scale.","The visualization shows the highest kinematic pressure in the middle of the front bumper, indicated by the red color on the scale.","The visualization shows the highest kinematic pressure in the middle of the front bumper, indicated by the red color on the scale.","The visualization shows the highest kinematic pressure in the red area, which is located at the middle of the front bumper.","The visualization shows the highest kinematic pressure in the red area, which is located at the middle of the front bumper.","The visualization shows the highest kinematic pressure in the middle of the front bumper, indicated by the red color on the scale.","The visualization shows the highest kinematic pressure in the red area, which is located at the middle of the front bumper.","The visualization shows the highest kinematic pressure in the red area, which is located at the middle of the front bumper.","The visualization shows the highest kinematic pressure in the middle of the front bumper, indicated by the red color on the scale."
49,vis19.mp4,"Over the course of the animation, what is the approximate difference between the maximum and minimum kinematic pressure on the windshield?",A,C,B,C,A,D,B,D,B,C,B,A,A,A,C,D,A,A,B,C,0,0,0,0,0,1,0,0,1,1,"The visualization shows a range of kinematic pressure values on the windshield, with the highest value near the top and the lowest near the bottom. The difference between these extremes appears to be around 500 m^2/s^2.","The visualization shows a range of kinematic pressure values on the windshield, with the highest value near the top and the lowest near the bottom. The difference between these values is approximately 1250 m^2/s^2.","The kinematic pressure on the windshield varies from a minimum of around -700 m^2/s^2 to a maximum of around 50 m^2/s^2, giving a difference of approximately 750 m^2/s^2.","The visualization shows a range of kinematic pressure values on the windshield, with the highest value near the top and the lowest near the bottom. The difference between these values is approximately 1250 m^2/s^2.","The visualization shows a range of kinematic pressure values from -800 to 800 m^2/s^2. The windshield appears to have a significant pressure difference, with the highest value near 800 m^2/s^2 and the lowest near -800 m^2/s^2, resulting in a difference of approximately 1600 m^2/s^2. However, considering the options provided, the closest and most reasonable estimate is 1250 m^2/s^2.","The kinematic pressure on the windshield varies from a minimum of around -700 m^2/s^2 to a maximum of around 300 m^2/s^2, resulting in a difference of approximately 1000 m^2/s^2.","The visualization shows a range of kinematic pressure values on the windshield, with the highest value near the top and the lowest near the bottom. The difference between these extremes is approximately 1250 m^2/s^2.","The visualization shows a range of kinematic pressure values on the windshield, with the highest value near the top and the lowest near the bottom. The difference between these values is approximately 1250 m^2/s^2.","The kinematic pressure on the windshield varies from a minimum of around -700 m^2/s^2 to a maximum of around 300 m^2/s^2, resulting in a difference of approximately 1000 m^2/s^2.","The kinematic pressure on the windshield varies from a minimum of around -800 m^2/s^2 to a maximum of around 200 m^2/s^2, resulting in a difference of approximately 1000 m^2/s^2."
